id,title,rating_number,rating_text,reviews_count,avg_check,type
42037,Палермо,8.8,Отлично,5,750,1
35635,Burger Club,8.7,Отлично,1,700,2
31421,Obed Bufet,8.4,Отлично,13,700,3
35061,Сущевский двор,10.0,Идеально,2,800,3
30719,Prime,7.6,Хорошо,7,700,3
40727,Поварская лавка,10.0,Идеально,22,800,3
40976,Bloom-n-Brew,9.5,Идеально,2,500,4
31779,Кружка,7.4,Хорошо,5,700,5
42572,ABC Coffee Roasters,8.9,Отлично,4,100,4
39677,Чихо,10.0,Идеально,2,500,3
33916,Coffeeshop Company,9.8,Идеально,3,700,4
40609,Косой Маркс,5.4,Нормально,3,500,5
36090,Кулинариум,6.0,Неплохо,1,700,3
33611,Шантимэль,6.0,Неплохо,1,700,6
35762,Glowsubs,6.0,Неплохо,2,700,3
31189,Штолле,6.0,Неплохо,2,700,3
39749,Surf Coffee,7.1,Хорошо,2,500,4
38022,Pizza Hut,6.3,Неплохо,1,800,1
37847,Table,6.0,Неплохо,2,500,3
32918,Ваби-саби,6.0,Неплохо,2,700,3
43876,Raw to Go,6.2,Неплохо,2,500,7
41756,Три правила,6.7,Неплохо,2,250,3
38510,OneBucks Coffee,6.6,Неплохо,3,300,4
39167,Daily Coffee,6.2,Неплохо,2,500,4
36156,Cinnabon,6.7,Неплохо,1,700,6
31449,Costa Coffee,6.7,Неплохо,1,700,4
35502,Sattva,6.7,Неплохо,6,700,3
35630,Пян-се,6.7,Неплохо,2,700,2
41237,Bright Israeli Grill,6.5,Неплохо,3,800,3
37338,Burger Heroes,6.5,Неплохо,8,700,8
30731,Coffee Bean,6.9,Неплохо,2,700,4
37956,Широкую на широкую,7.0,Хорошо,2,400,5
30878,Чебуречная Дружба,6.5,Неплохо,5,700,3
45307,Циники,6.8,Неплохо,3,400,4
42375,Торнадо,7.3,Хорошо,6,200,9
40043,Тат & Бургер,7.1,Хорошо,3,700,3
37493,Obed Bufet,7.1,Хорошо,5,700,3
40303,Волчья стая,6.7,Неплохо,6,700,5
33806,Додо-пицца,5.3,Нормально,20,700,1
30777,Prawns,7.7,Хорошо,4,700,3
35564,Killfish,7.2,Хорошо,5,700,5
37981,Вареничная №1,7.2,Хорошо,2,800,3
42071,Ракета,6.0,Неплохо,4,400,8
39076,Крапива,6.9,Неплохо,8,500,5
33195,Му-му,10.0,Идеально,3,700,3
33351,Варка,9.0,Идеально,3,700,5
35523,Beermarket,7.5,Хорошо,3,700,5
44669,Точка доступа,9.4,Идеально,32,800,3
42263,Boroda,8.6,Отлично,17,600,5
46068,Империя пиццы и суши,9.6,Идеально,7,700,2
45136,Falafel Bro,9.9,Идеально,3,600,3
44209,Токио Рамен,10.0,Идеально,2,750,3
42881,Журавли,8.7,Отлично,7,600,5
38876,Lights Cafe,9.1,Идеально,8,800,3
30960,Starbucks,7.9,Хорошо,8,700,4
37862,Parka,9.2,Идеально,2,500,5
44613,Izumi,9.0,Идеально,4,600,2
46240,Крендель,9.0,Идеально,11,700,10
46430,Крепкое & Хмельное,10.0,Идеально,8,250,5
45286,11/1,10.0,Идеально,2,600,3
48142,Raf & Gotovo,10.0,Идеально,2,300,4
33360,Хлеб и вино,9.7,Идеально,11,700,11
39895,Индийская точка,9.0,Идеально,57,600,3
43082,Kult,9.4,Идеально,18,700,12
38661,Хищnik Cтейкs & Burgers,9.0,Идеально,21,730,3
47595,Райдора,9.0,Идеально,21,800,3
46867,Гурманика,9.8,Идеально,3,400,3
37886,Кот Шредингера,7.6,Хорошо,19,700,5
47403,Кнорозов бар,9.8,Идеально,2,400,5
30572,Вай мэ!,9.1,Идеально,73,400,3
39360,Разведка,9.3,Идеально,8,700,5
45325,Boho Lounge,8.8,Отлично,10,700,12
41985,The Bix,10.0,Идеально,2,650,5
33577,Гадкий койот,7.0,Хорошо,9,300,5
42227,Ежик в тумане,7.1,Хорошо,43,650,12
40942,Family Farm Burger,7.9,Хорошо,11,500,8
42377,Спиро,8.0,Отлично,5,600,3
30691,Все твои друзья,7.5,Хорошо,3,700,5
37126,Silver Panda,7.3,Хорошо,5,400,3
39511,Sedelice,7.9,Хорошо,3,600,3
42402,Marketplace,7.3,Хорошо,3,800,2
41691,Муракамэ,8.0,Отлично,4,500,3
30710,Под мухой,7.2,Хорошо,8,700,5
39077,Meat Me,8.1,Отлично,4,700,3
39256,Круассан,8.0,Отлично,1,700,4
43201,Lao Lee Café,8.0,Отлично,2,750,3
38507,Cofix,8.0,Отлично,11,150,3
44568,Shawarma VIP House,7.6,Хорошо,3,600,3
30631,Cook’kareku,7.5,Хорошо,12,800,2
32795,Obed Bufet,8.2,Отлично,3,700,3
38501,Black Star Burger,6.6,Неплохо,20,400,8
30545,Марукамэ,8.0,Отлично,5,700,3
32869,Il giorno,8.3,Отлично,2,800,3
30629,Fruits & Veges,8.0,Отлично,3,700,3
42299,Neon Monkey,7.6,Хорошо,4,800,5
39847,Мэри,8.3,Отлично,7,700,3
39464,Милано,8.4,Отлично,5,500,1
42039,Corneli Pizza,8.3,Отлично,5,700,13
44179,Kab Kao,8.3,Отлично,2,700,3
30770,Grill & Gyros,8.5,Отлично,2,700,3
37109,Эль и стаут,8.4,Отлично,4,700,14
47098,Insider Bar,8.0,Отлично,1,600,5
46005,Антипа,7.7,Хорошо,1,200,4
43204,Макарош,8.7,Отлично,3,800,2
37661,Лепим и варим,8.4,Отлично,5,700,3
30502,Винный базар,8.5,Отлично,2,700,11
30612,Farш,7.4,Хорошо,20,700,8
42103,Chikara,8.7,Отлично,5,700,3
46905,Croco Coffee,7.8,Хорошо,4,150,4
31122,Meating,8.8,Отлично,2,700,3
42985,Lamm's,6.9,Неплохо,9,350,6
32728,Ближние горки,8.7,Отлично,3,700,3
44604,Black Star Gaming Club,8.7,Отлично,2,500,12
44364,Салют,7.3,Хорошо,3,550,3
44301,Дом Плова,8.9,Отлично,3,700,3
46635,Моряк и чайка,6.3,Неплохо,6,300,5
43531,Делюсь душой,7.7,Хорошо,4,200,4
30711,Брусника,7.9,Хорошо,8,700,3
33990,Хинкали Point,8.4,Отлично,2,700,3
36154,Рюмочная,9.0,Идеально,1,700,15
42580,Method Beer & Munchies,9.0,Идеально,3,700,5
43040,Паттерна,8.9,Отлично,10,600,5
43048,Gonzo Lounge,8.8,Отлично,3,800,5
38031,Sos Cafe,8.8,Отлично,111,600,3
41723,Светское кафе,9.2,Идеально,3,650,3
30709,Шоколадное ателье,9.3,Идеально,5,700,6
30528,Энтузиаст,8.5,Отлично,5,700,3
46204,Тебурасика,5.7,Нормально,5,300,5
32605,БониМария,9.1,Идеально,6,800,16
35832,Papa John’s,7.7,Хорошо,14,700,3
31446,McDonald’s,9.5,Идеально,2,700,3
41444,Пончики из детства,9.7,Идеально,6,300,3
30590,Грабли,7.8,Хорошо,23,600,2
39121,Fry Day Cafe,9.7,Идеально,11,800,2
44864,Поминальная трапеза,9.6,Идеально,3,800,16
38875,Карамель,9.6,Идеально,9,800,2
37291,Domino's Pizza,10.0,Идеально,1,700,1
45021,Барка,9.0,Идеально,2,350,15
46480,"Мама, я в Берлине",9.2,Идеально,2,500,3
43863,Greek Street,3.6,Плохо,5,600,7
46259,Рестопаркинг,3.8,Плохо,4,700,17
30594,Воккер,5.3,Нормально,1,700,3
44695,Буше,3.0,Плохо,2,700,3
46241,Underdog,3.8,Плохо,3,350,5
42435,Panda Express,4.7,Посредственно,13,500,3
40121,Братья Крафт,5.3,Нормально,2,500,5
38333,Халасё,5.5,Нормально,2,500,3
36253,KFC на ВДНХ,5.7,Нормально,2,700,3
30583,Чито-Ра,9.8,Идеально,2,700,2
43770,Taco Project,9.8,Идеально,2,500,3
46627,Ikigai,9.6,Идеально,3,600,7
45379,Лакомка,5.3,Нормально,1,400,6
45319,Thali & Dosa,8.7,Отлично,2,700,3
47181,Chik O'Rico,7.6,Хорошо,4,400,3
45652,Клер,10.0,Идеально,2,200,6
45677,Bro.We,7.3,Хорошо,2,350,4
45348,На углях,10.0,Идеально,2,500,3
43869,Mac & Cheese,6.3,Неплохо,2,500,7
44356,Домик в саду,7.2,Хорошо,3,1400,3
42021,Дарбарс,10.0,Идеально,2,1300,2
44177,Georges,1.0,Хуже некуда,2,1500,2
41035,Че хотэли пили-ели,8.9,Отлично,2,1300,2
33075,Панчетта,5.8,Нормально,2,1400,2
42114,4 сыра,6.3,Неплохо,3,1200,3
35498,Valesko,9.1,Идеально,2,1500,2
35255,Dark Patrick’s Pub,5.7,Нормально,3,1500,14
39970,Foood Bazar,7.7,Хорошо,2,900,3
46090,FoodBand,10.0,Идеально,2,1000,13
43546,Hookah Time,10.0,Идеально,2,1500,12
46360,Сыроварня Новая Рига,3.6,Плохо,3,1500,2
47320,Party Hard,6.5,Неплохо,4,1100,18
46547,Latteria 1963,7.5,Хорошо,2,1400,2
44937,Corner Café & Kitchen,9.8,Идеально,2,1200,3
46536,Salumeria Pizzeria,3.0,Плохо,2,1100,1
44183,Жемчуга,8.2,Отлично,2,1500,7
46431,Джи Джи Гриль,5.8,Нормально,2,1250,2
41710,Бегония,6.2,Неплохо,2,1000,3
31101,Beer & Brut,9.8,Идеально,4,1500,10
33408,Кофемания,10.0,Идеально,3,1500,4
32237,City,8.8,Отлично,3,1500,3
46490,Fame,6.7,Неплохо,3,1200,2
30942,Pinch,6.8,Неплохо,8,1500,2
34439,Лав,7.8,Хорошо,8,1500,3
43234,The Dubliner Pub,7.8,Хорошо,2,1400,14
33896,Мишки,7.4,Хорошо,3,1500,5
43085,Сыто Piano,4.0,Посредственно,4,1000,3
32272,Орлов,8.6,Отлично,2,1500,2
46642,Igloobar,8.4,Отлично,69,1500,18
45774,Гейша и супермен,8.7,Отлично,7,1500,5
35590,Маэстро-М,9.2,Идеально,2,1500,2
39507,NewTone,9.3,Идеально,3,1000,3
33526,Марфино,9.0,Идеально,14,1500,17
37339,Lubeer,9.2,Идеально,2,1500,3
30767,Молоко,7.3,Хорошо,9,1500,3
42498,Lure Oyster Bar,9.2,Идеально,2,1500,2
31998,Колхи,9.4,Идеально,12,1500,2
43794,Воробьевы горы,9.4,Идеально,5,1400,2
42753,В окошках,9.5,Идеально,2,900,3
31774,Vienna,9.6,Идеально,8,1500,3
43736,Чи-фань,7.9,Хорошо,5,1350,3
44799,The Бык,7.6,Хорошо,4,900,2
42553,Шу-Шу,9.1,Идеально,25,1200,2
35082,Шардам,9.3,Идеально,8,1500,2
40538,Мариус,9.6,Идеально,6,1300,9
47174,За поводом,10.0,Идеально,2,1500,2
30745,Хачапури,8.5,Отлично,6,1200,2
47445,Соло,9.7,Идеально,5,1500,9
30886,Тануки,10.0,Идеально,12,1500,2
41877,Megobari,9.7,Идеально,3,1200,2
42443,Billy McDaniel,9.9,Идеально,6,1500,14
45825,Остров Lounge,8.3,Отлично,17,1250,19
46052,Level Kitchen,9.8,Идеально,30,900,13
43754,Classica,9.1,Идеально,11,1300,5
43435,Lars Vegans,9.7,Идеально,13,900,2
31452,Baga Bar,8.8,Отлично,61,1200,5
30489,Натахтари,9.0,Идеально,19,1300,2
33346,Киану,9.8,Идеально,8,1500,5
46475,Daily Green,10.0,Идеально,7,1000,4
46157,Дюшес,10.0,Идеально,11,1350,2
46181,Охотка,8.7,Отлично,12,1100,2
38072,Tehnikum,8.5,Отлично,28,1300,3
43916,Библиотека Shisha Lounge,10.0,Идеально,38,1500,12
30887,Йоркшир,7.9,Хорошо,86,1500,14
39207,Мята Lounge,8.0,Отлично,92,1400,12
39199,Victoria & Albert,8.0,Отлично,46,900,5
43705,Хурма-бастурма,9.2,Идеально,14,1100,2
35681,Кусочки,7.9,Хорошо,33,1500,3
40518,Pivzavod77,9.9,Идеально,22,1500,5
44391,Библиотека Shisha Lounge,10.0,Идеально,50,1500,12
44881,Nebar,8.1,Отлично,25,1100,5
43924,Blanc,5.8,Нормально,12,1500,2
46574,Steak It Easy,10.0,Идеально,24,1500,2
40527,Пивбар Коломенское,9.8,Идеально,5,1100,5
36882,Мирадж,9.3,Идеально,8,1500,2
31297,Счастье на крыше,7.3,Хорошо,14,1500,2
37782,Loft Men’s Club,9.3,Идеально,2,1000,9
44718,Хинкали & Vino,9.9,Идеально,30,1500,20
44044,Smoke Relax,9.8,Идеально,8,1500,12
45146,Bon Club,10.0,Идеально,30,1500,2
30591,I Like Wine,9.2,Идеально,3,1500,11
46808,She,7.0,Хорошо,13,1500,2
30552,Fresh,8.7,Отлично,6,1400,2
39356,Друзья,9.3,Идеально,3,1000,5
42482,Буфетъ Чайковский,9.7,Идеально,3,1100,3
37158,Братья Караваевы,5.5,Нормально,5,1500,21
41225,Pioppo Albero,9.2,Идеально,11,1500,2
43555,Праймбиф-бар,9.0,Идеально,5,1500,2
42575,Хачапури и вино,6.8,Неплохо,21,950,3
44862,Shortlist. Books & Spirits,8.4,Отлично,5,1400,5
42760,Очаг,9.8,Идеально,4,1200,3
31270,Paulaner Bräuhaus,9.0,Идеально,8,1500,5
31054,Пив & Ко,8.9,Отлично,3,1500,2
38423,Too Much,10.0,Идеально,9,1300,5
43476,Лесное,7.8,Хорошо,20,1100,3
41993,Manana,9.6,Идеально,54,1200,2
35976,Зеленое яблоко,9.7,Идеально,3,1500,2
40954,Ku,9.7,Идеально,10,1500,2
41057,ExitGames,9.7,Идеально,7,900,3
44432,Le Petit Paris,10.0,Идеально,11,1300,2
44530,ID Café,9.2,Идеально,18,900,3
35931,Джорджия,10.0,Идеально,4,1500,3
31165,Джон Донн,7.9,Хорошо,6,1100,14
41021,Шишка Lounge,9.7,Идеально,3,1100,3
46072,Hide in LA5,9.9,Идеально,3,1400,12
45193,Grill Grad,10.0,Идеально,2,1100,2
31709,Султан,9.4,Идеально,14,1500,2
46601,Белая веранда,10.0,Идеально,3,1200,20
48568,Will Taste,10.0,Идеально,2,1300,3
31324,Beverly Hills Diner,9.5,Идеально,117,1500,3
44043,Corner Café & Kitchen,9.5,Идеально,8,1200,3
31281,Тарас Бульба,9.4,Идеально,21,950,2
31072,Tap & Barrel Pub,9.1,Идеально,7,1500,14
39721,Мегрелия,9.6,Идеально,10,1200,2
44947,Just a Pasta,10.0,Идеально,4,1100,2
48224,Il Патио,10.0,Идеально,3,1500,2
43911,Jobs. Food & Wine,10.0,Идеально,3,1400,2
42421,Amarena,10.0,Идеально,10,1200,2
43612,Tinta,10.0,Идеально,3,1300,2
47020,Alma,10.0,Идеально,3,1400,2
43798,Причал моряка,9.8,Идеально,3,1100,3
44776,Ели сацебели,9.8,Идеально,10,1200,3
39272,Долина солнца,9.7,Идеально,6,1400,2
46987,Bur,10.0,Идеально,5,1100,5
46195,Руки ВВерх! Бар,10.0,Идеально,6,1000,5
42355,Benedict,9.5,Идеально,6,1200,2
44537,Москальян,9.9,Идеально,7,900,12
46988,Bur,9.9,Идеально,8,1100,5
44882,Einstein Lounge,9.4,Идеально,25,1500,12
47929,Barcode,10.0,Идеально,6,1400,5
31460,Шоколадница,8.6,Отлично,8,1500,4
41273,HookahPlace Профсоюз,9.8,Идеально,40,1300,12
45982,Все сезоны,9.2,Идеально,14,1000,2
43393,Adria Mare,9.5,Идеально,11,1500,2
37474,Florentini Country Café,10.0,Идеально,2,1500,2
35676,Гамбринус,9.2,Идеально,15,1500,2
31180,Авокадо,9.1,Идеально,3,1500,3
42374,Tesla,10.0,Идеально,2,1000,3
33285,Тапчан,9.4,Идеально,11,1500,2
42438,Ракушка,9.3,Идеально,4,1400,2
35679,Совет в Филях,10.0,Идеально,7,1500,2
41616,Лес,10.0,Идеально,2,1200,5
33717,Перец & Мята,10.0,Идеально,2,1400,3
36282,Largo,9.3,Идеально,5,1500,2
39935,Душевная мадам,10.0,Идеально,2,1000,3
43468,Жаровня,10.0,Идеально,2,1200,2
42782,Вкус & цвет,10.0,Идеально,8,900,3
30506,Батони,9.6,Идеально,7,1000,3
33826,Добрыня,10.0,Идеально,22,1500,2
30982,8 Oz,9.5,Идеально,5,1500,3
48066,Siharuli,8.9,Отлично,6,1400,2
37712,Touché,9.7,Идеально,3,1400,11
34929,Маска,9.5,Идеально,3,1400,3
42087,Prscco Bar,6.8,Неплохо,4,1400,5
47367,Casa Rosa,9.5,Идеально,6,1500,2
39657,Китайские новости,9.3,Идеально,4,1500,2
45484,Бакинский рай,9.8,Идеально,2,1300,2
40136,Italia Bar,9.7,Идеально,7,1300,2
37675,Valenok,7.2,Хорошо,29,1500,2
46576,Хлеб и вино,10.0,Идеально,3,1200,5
37939,Винный базар,10.0,Идеально,2,1000,11
42061,Лимонад Loft Bar,10.0,Идеально,12,1000,5
42206,Лермонтов,7.0,Хорошо,3,1300,2
31303,Saperavi Café,9.6,Идеально,41,1500,3
33742,Караван One,9.0,Идеально,2,1500,2
37875,Laduree,9.7,Идеально,2,1000,6
47798,Берег,8.5,Отлично,2,1300,2
41496,Bro & N,7.4,Хорошо,2,1500,2
30774,Квартира 44,8.8,Отлично,3,1500,3
33039,Duckstar's,8.7,Отлично,4,1500,5
39743,Татев,8.1,Отлично,6,1500,2
39892,У дяди Макса,8.7,Отлично,6,1000,2
37068,Сололаки,9.2,Идеально,2,1500,2
35533,Florentini City Café,8.4,Отлично,18,1500,2
30738,Сок,7.9,Хорошо,7,1500,3
44217,Poolroom,8.9,Отлично,6,1500,5
35709,Одесса-мама,8.8,Отлично,4,1200,2
36283,Никола Тесла,9.1,Идеально,5,1500,2
42708,P4B Lounge Bar,8.7,Отлично,5,1000,12
30646,Лига пап,8.6,Отлично,7,1500,22
37004,Mr. Mishka,8.7,Отлично,7,1500,12
31239,Corner Burger,8.9,Отлично,4,1500,8
30891,Menza,9.2,Идеально,10,1100,3
35685,Каспий,9.1,Идеально,3,1500,2
44242,Заря,9.2,Идеально,2,1100,2
45099,Bizone Hookah ВДНХ,9.0,Идеально,3,1200,12
31299,Conversation,7.6,Хорошо,3,1500,3
36118,I'm Smoking,9.0,Идеально,7,1200,12
31035,Восточный квартал,8.8,Отлично,3,1500,3
46476,Bazar Mangal,8.1,Отлично,4,1500,2
30746,Венеция,9.0,Идеально,2,1500,2
39806,Абрау-Дюрсо,9.3,Идеально,4,1200,11
33230,Fumisawa Sushi,8.7,Отлично,4,1500,2
46190,Усадьба в Юрлово,8.8,Отлично,2,1300,2
38859,Rose Bar,8.9,Отлично,5,1500,2
31210,Панчо-пицца,9.1,Идеально,5,1500,1
37872,Оттепель,8.3,Отлично,17,1500,2
31401,St Peter's & St Anton,8.9,Отлично,3,1500,14
34819,Караоке Х.О,9.2,Идеально,4,1100,2
31593,Ёрш,9.0,Идеально,10,1500,5
44092,Great Room Moscow,9.3,Идеально,4,1400,2
41173,Нью-Йорк пицца и гриль,9.3,Идеально,5,1500,2
35752,White Hart Pub,8.9,Отлично,5,1500,14
34658,Хинкальный дом Арго,9.2,Идеально,4,1500,3
43244,Teika Boom,5.7,Нормально,19,1000,17
30909,Breakfast Café,8.7,Отлично,5,1500,3
35749,Сказка,8.7,Отлично,2,1500,2
39103,Хищnik Стейкs & Burgers,9.1,Идеально,11,860,3
43667,Сова,9.1,Идеально,11,1000,12
35516,Подмосковные вечера,9.4,Идеально,20,1100,2
36191,Новорижская застава,9.3,Идеально,3,1500,2
36226,Paul,8.8,Отлично,5,1100,3
30618,Мадам Галифе,9.3,Идеально,2,1500,2
44348,Кухня Полли,9.2,Идеально,2,1300,2
38018,Лен,8.6,Отлично,9,1500,2
42330,Blush Wine Bar,9.2,Идеально,2,1500,10
45651,Бир-хаус,8.0,Отлично,7,1500,14
40993,Андерсон,9.5,Идеально,3,1500,3
36070,Blueberry Haze,9.4,Идеально,7,1500,12
30564,Кондитерская «Пушкин»,9.1,Идеально,6,1500,3
32340,А где я?!,9.3,Идеально,5,1500,5
46275,19/90,9.5,Идеально,2,1100,19
32742,Temple Bar,9.3,Идеально,2,1400,5
43637,Shima Sushi Bar,9.5,Идеально,7,1000,2
47695,Green Park Sokolniki,7.6,Хорошо,3,1100,3
31533,Наш двор,9.3,Идеально,3,1500,2
43425,Котельная,8.3,Отлично,6,1500,5
41427,Практика by Darvin,9.0,Идеально,3,850,5
43335,Виновники,10.0,Идеально,15,1500,2
31061,Дом 12,8.0,Отлично,7,1500,10
46765,эZo,8.6,Отлично,15,1000,2
45108,Кубдари,10.0,Идеально,2,1000,2
45291,Мята Platinum Olimp,10.0,Идеально,25,1300,12
43922,Plov Project,8.5,Отлично,27,1300,2
48185,Nino,10.0,Идеально,12,1200,2
42875,Руки ВВерх! Бар,8.2,Отлично,50,1000,5
43127,Drinks @ Dinners,9.6,Идеально,7,1500,2
34396,Grange Café,10.0,Идеально,4,1500,2
43823,Capito,8.6,Отлично,2,1100,2
48492,B-69,9.6,Идеально,5,1500,18
34555,Доктор на крыше,9.0,Идеально,10,1500,2
43596,Империя,9.6,Идеально,8,1400,2
33565,Bon app café,10.0,Идеально,9,1500,2
42669,Сова и медведь,9.6,Идеально,3,1500,11
47625,Igloobar & Loft,7.1,Хорошо,5,1500,18
47697,Kvartal Green Garden,9.7,Идеально,3,1400,2
42795,Forest Lounge,8.4,Отлично,44,1400,2
32616,Шале,9.6,Идеально,31,1500,2
44846,Mansard,8.7,Отлично,35,1200,2
44151,Mr. Atlant,9.9,Идеально,16,1500,5
31957,Россичъ,9.9,Идеально,18,1500,2
47648,Муссон,7.2,Хорошо,2,1500,2
47708,Navat,7.8,Хорошо,2,1200,2
33095,Папа Карло,8.8,Отлично,4,1500,2
38017,Рассольников,8.3,Отлично,5,1300,2
44847,Mandarin,9.9,Идеально,7,1200,2
45166,Гранат Black,9.0,Идеально,2,1500,2
46711,Igloobar,9.7,Идеально,17,1500,18
47834,Руки ВВерх! Бар,8.5,Отлично,3,1000,5
38506,Краснодар,9.1,Идеально,40,1500,2
44940,Grape Wine & Kitchen,7.1,Хорошо,2,1500,11
43887,Villa Pasta,6.2,Неплохо,6,1250,2
45603,Джонджоли,6.9,Неплохо,4,1300,2
48163,Barrister,8.7,Отлично,2,1200,5
47497,Океан кафе,7.4,Хорошо,6,1200,3
46991,Semenov,9.8,Идеально,2,1500,9
43982,Beer Pairing,8.2,Отлично,13,1500,2
37753,16 тонн,9.1,Идеально,5,1200,9
36168,Тапки,9.7,Идеально,1,1500,3
41970,Oriental Cocktail Bar & Restaurant,8.4,Отлично,5,1500,5
42214,Shushas на Пушкинской,8.0,Отлично,61,1200,5
42382,Некрасов,8.7,Отлично,5,1500,2
32467,Купец,8.4,Отлично,6,1500,17
42221,Орда,9.0,Идеально,20,1500,2
32376,Китайская грамота,8.8,Отлично,4,1500,2
40479,Кирин,8.2,Отлично,24,1500,2
33517,Enjoy Life,8.8,Отлично,5,1500,16
42365,Zall,7.6,Хорошо,9,1200,9
30530,Correa's,7.7,Хорошо,4,1500,2
35473,Дирижабль,7.8,Хорошо,7,1500,3
30952,Дионис,8.7,Отлично,5,1500,3
38803,Дача на Варшавке,5.8,Нормально,8,1000,3
33584,John Gilroy’s,8.4,Отлично,7,1500,14
36074,Ганс и Марта,8.7,Отлично,5,1500,2
30527,Wine Religion,8.7,Отлично,4,1500,11
35616,Брюгге брассери,8.5,Отлично,6,1500,14
31568,Белорусская хата,8.7,Отлично,2,1500,2
30648,Bobby Dazzler,8.6,Отлично,5,1500,14
31207,Южное,8.3,Отлично,5,1000,3
35893,Царские сады,8.5,Отлично,11,1500,2
38871,Фазенда,8.0,Отлично,9,1200,2
34640,The Loft,8.9,Отлично,2,1500,12
33246,Hite,8.2,Отлично,5,1500,2
33081,Терраса,8.0,Отлично,6,1500,2
37972,Рынок и общепит Шук,8.6,Отлично,3,1000,3
33841,Русский,8.4,Отлично,4,1500,2
31092,Тема,8.2,Отлично,11,1500,5
33786,Пекин,8.6,Отлично,5,1500,2
31900,Постскриптум,9.0,Идеально,37,1500,5
33845,La gatta,8.8,Отлично,2,1500,1
35990,Русская трапеза,8.9,Отлично,8,1500,2
33971,One More Pub,8.9,Отлично,3,1500,14
31044,Крепери де Пари,8.7,Отлично,1,1500,2
32224,Клевый,8.1,Отлично,3,1500,2
41693,KidzRock Cafe,7.9,Хорошо,14,1100,3
33365,Кеци,8.6,Отлично,5,1500,2
42178,Санапиро,5.2,Нормально,5,1100,2
42433,Концерт,5.8,Нормально,2,1000,5
31033,Сытый лось,6.0,Неплохо,3,1500,2
34056,Пронто на Водном стадионе,6.0,Неплохо,2,1500,3
31758,То да сё,5.6,Нормально,3,1500,3
42127,Пицца 22 см,5.7,Нормально,2,1000,1
32985,У Джона,6.1,Неплохо,2,1500,3
39486,Папа Вейдер,5.0,Нормально,4,900,3
46750,Тхали,8.1,Отлично,7,1000,2
41966,Mono Bar,5.3,Нормально,3,1000,5
31532,Fornetto,6.0,Неплохо,2,1500,1
46790,Gentle Cafe,4.8,Посредственно,2,1500,3
31743,Планета суши,6.3,Неплохо,1,1500,2
31000,Buro Canteen,6.0,Неплохо,2,1500,3
37498,Osteria Mario,6.3,Неплохо,1,1400,2
40997,Ketch Up,5.1,Нормально,4,1500,2
43688,Кальян культ,5.8,Нормально,2,1300,12
31353,Iskra,6.1,Неплохо,6,1500,5
40064,Хмельбург,6.5,Неплохо,2,1000,2
41719,UDC,6.2,Неплохо,2,1000,3
31420,Иверия,6.0,Неплохо,5,1500,2
38716,Mukuzani,6.1,Неплохо,4,1500,2
40298,The Left Bank Pub,5.8,Нормально,3,1500,14
45383,Честная рыба,5.5,Нормально,4,1300,2
32696,Бургон/Йоши,6.2,Неплохо,3,1150,2
33623,Комета,6.7,Неплохо,2,1500,2
30675,Буфет,6.3,Неплохо,3,1500,3
42455,California Diner,6.8,Неплохо,5,1500,3
44404,Винограф,6.5,Неплохо,10,1400,3
31406,Да Чикко,6.6,Неплохо,4,1200,1
46708,1901 Comfort Food Zone,5.9,Нормально,3,1050,2
31301,Бейрут,7.6,Хорошо,3,1500,3
36723,Коптим,7.9,Хорошо,3,1500,3
42180,Изи-паб,7.6,Хорошо,6,1000,14
30529,Чайковский,6.5,Неплохо,4,1500,2
36889,Кафе музея «Гараж»,7.6,Хорошо,6,1500,3
41927,Brooms,7.0,Хорошо,2,1100,5
31662,Каретный двор,7.7,Хорошо,1,1500,2
41475,Duma bar & kitchen,7.7,Хорошо,2,1100,5
34338,Арарат,7.6,Хорошо,2,1500,2
31020,Белфаст,7.7,Хорошо,6,1200,14
37108,Шикари,7.8,Хорошо,8,1200,2
38826,Стамбул,7.7,Хорошо,3,1000,2
41405,Square BB,7.8,Хорошо,3,1300,2
31051,Хлеб насущный,6.7,Неплохо,7,1500,3
32456,Русское подворье,7.8,Хорошо,5,1500,2
41694,Ной,7.9,Хорошо,5,1000,2
41618,Ритм Блюз,7.8,Хорошо,5,1200,3
31727,Меркато,7.8,Хорошо,6,1500,3
47354,Маñana,6.7,Неплохо,2,1300,10
30558,Николай,7.9,Хорошо,2,1500,3
34193,Заправка,7.9,Хорошо,5,1500,3
31279,Lawson's Bar,7.8,Хорошо,4,1500,5
31052,Cuba libre,7.4,Хорошо,6,1500,5
31653,Домжур,7.9,Хорошо,2,1500,2
36091,Jazz Café,7.7,Хорошо,7,1000,3
35786,Гранд фэмили,8.0,Отлично,3,1500,2
42957,Buffalo,7.7,Хорошо,5,1500,3
42329,Бауман,7.9,Хорошо,8,1200,14
34047,Атриум Food Gallery,7.9,Хорошо,3,1500,2
35438,Арго,7.9,Хорошо,5,1500,2
30712,Vietcafé,8.0,Отлично,5,1500,3
43015,Алмаз,7.8,Хорошо,8,1500,2
41812,Bar Disco 90,7.2,Хорошо,6,1100,5
30835,Хинкальная,7.7,Хорошо,2,1500,2
32580,Суп,8.0,Отлично,5,1500,3
41090,Hidden Bar,7.6,Хорошо,6,1200,5
30532,Semplice,8.1,Отлично,2,1250,2
37676,Рыбы нет,7.3,Хорошо,9,1500,23
37082,Scramble Café,6.8,Неплохо,3,1000,3
38842,Semenov,8.1,Отлично,8,1500,2
41206,Очаг,8.4,Отлично,7,900,2
31312,Почтмейстер,8.0,Отлично,1,1500,2
42378,Луна,8.1,Отлично,5,1100,5
33981,Кузьминки,8.0,Отлично,5,1500,2
31454,La boule,8.1,Отлично,2,1500,3
30622,Конор Мак Несса,8.1,Отлично,5,1500,14
39894,Галерея,8.1,Отлично,6,1200,3
31491,Джонни Грин,8.0,Отлично,6,1000,14
42204,Glastonberry,8.0,Отлично,6,1100,9
44936,Вельвет,7.2,Хорошо,4,1000,3
41493,Золотая роща,8.3,Отлично,7,1500,2
35336,Галерея,8.1,Отлично,5,1500,2
34722,Якитория,8.3,Отлично,2,1500,2
35501,1929,7.4,Хорошо,9,1500,5
32669,Эссе,8.3,Отлично,5,1500,3
34017,Friends & Family,8.1,Отлично,2,1500,2
42335,Sexton,8.1,Отлично,5,1200,9
37750,Стражек,8.3,Отлично,5,1500,2
31127,Шербет,7.9,Хорошо,18,1500,2
42364,Сова,7.0,Хорошо,9,1200,9
30776,Filial,8.3,Отлично,3,1500,3
35232,Руккола,7.9,Хорошо,7,1500,2
43493,Frank by Баста,5.4,Нормально,8,1500,2
30673,Паста и баста,8.1,Отлично,3,1500,2
30881,Простые вещи,8.2,Отлично,15,1500,2
42101,Muskat,8.2,Отлично,2,950,5
32149,Мимино,8.3,Отлично,5,1500,2
41308,Колизей Холл,8.0,Отлично,7,1500,17
34049,Брудер,8.4,Отлично,5,1000,2
46784,Кальяновъ,8.3,Отлично,1,1000,12
36201,Гюмри,8.3,Отлично,2,1500,3
32820,Аршин,6.2,Неплохо,3,1500,3
40902,Зарядье,6.2,Неплохо,9,1500,3
33606,2.0,8.5,Отлично,2,1500,3
34847,Старый замок,8.7,Отлично,1,1500,2
34512,Русь,8.7,Отлично,4,1500,2
42102,Эрик рыжий,8.0,Отлично,2,1200,5
37614,Оджахури,8.4,Отлично,21,1500,2
35277,Легенда,8.5,Отлично,5,1500,3
39389,Проект 6/2,8.2,Отлично,7,990,12
39465,La Ферма,8.6,Отлично,5,1200,3
30775,Mr. Help & Friends,8.6,Отлично,14,1500,5
35278,Латук,8.5,Отлично,4,1500,2
37919,Brisket BBQ,8.6,Отлично,2,1500,2
31695,Кафетериус,8.6,Отлично,3,1500,3
30940,Kabuki,8.3,Отлично,3,1500,2
36122,Zlata Praga,8.5,Отлично,5,1500,2
31057,Dream Bar,8.2,Отлично,10,1300,5
38455,ВинАрт,8.6,Отлично,5,1000,11
39163,Герои,8.2,Отлично,4,1200,5
41145,Defaqto,8.1,Отлично,5,1300,5
31600,Боярский,8.5,Отлично,21,1500,2
41735,Березки,8.4,Отлично,7,1200,3
35953,Сирень,8.6,Отлично,8,1500,3
37081,Релакс,8.8,Отлично,25,1200,2
32172,Pub & Pub,8.7,Отлично,5,1000,14
34031,Che bazza!,7.2,Хорошо,6,1500,2
35120,Хмель и эль,8.8,Отлично,24,1500,2
43650,Leffe Café,7.2,Хорошо,2,1500,2
40228,Курилы,7.3,Хорошо,7,1000,12
30657,Бенвенуто,8.6,Отлично,2,1500,2
38785,Pauwel Kwak,8.6,Отлично,8,1000,14
30880,Дружба,7.3,Хорошо,5,1500,2
30768,Katie O’Shea’s,7.3,Хорошо,5,1500,14
30634,Gayane’s,7.3,Хорошо,6,1300,2
32768,Est caffe,6.9,Неплохо,6,1500,12
30550,Волконский,7.3,Хорошо,2,1500,24
40376,Брянский бык,6.9,Неплохо,8,1000,2
31497,Бобры и утки,7.3,Хорошо,2,1500,3
40223,Библиотека,6.8,Неплохо,10,1000,3
37883,The Tipsy Pub,7.5,Хорошо,7,1400,14
43303,Рихтер,6.0,Неплохо,2,1300,2
42627,Chacha,7.5,Хорошо,5,1000,2
32538,Карина,7.1,Хорошо,2,1500,16
30544,Сайгон,7.4,Хорошо,4,1500,3
42357,МСК Lounge,7.0,Хорошо,2,1500,12
31388,The Old School,7.5,Хорошо,6,1500,14
33959,Калужская застава,7.3,Хорошо,20,1500,2
41601,Zames,7.2,Хорошо,4,1400,2
38270,Americano Black Coffee & Food,7.7,Хорошо,1,1000,3
31254,Жан-Жак,7.5,Хорошо,3,1500,2
31482,Березовая роща,7.3,Хорошо,8,1500,2
41851,Eataly,7.3,Хорошо,3,1500,2
34635,Алло! Пицца,8.0,Отлично,7,1500,1
30547,Хитрые люди,7.7,Хорошо,2,1500,3
32561,Сим-сити,7.4,Хорошо,3,1500,2
37873,Свадьба соек,7.4,Хорошо,2,1000,3
30833,Субботица Садовая,7.6,Хорошо,6,1500,2
39557,Олимпик,7.9,Хорошо,5,1000,3
44682,Лоза,7.2,Хорошо,6,1200,3
44419,Герберг,6.5,Неплохо,3,1000,15
31478,Николай,7.7,Хорошо,5,1500,3
43158,Punta Prima,6.8,Неплохо,3,1500,2
44971,Osteria Numero Uno,6.7,Неплохо,2,1500,2
37690,Гранд европейский экспресс,6.6,Неплохо,5,1500,2
33979,Мьюз,6.8,Неплохо,5,1500,5
39739,Gazgolder Club & Tea Room,3.3,Плохо,3,1200,9
37891,Московское небо,6.6,Неплохо,3,1250,2
38855,Olymp Junior,6.7,Неплохо,9,1000,2
39438,Perfect,6.7,Неплохо,2,1200,2
38538,Corner Grill,7.0,Хорошо,4,1000,2
30573,Pivbar,7.0,Хорошо,6,1500,2
40984,Kozlovna,6.7,Неплохо,1,1300,2
31145,Courvoisier,6.6,Неплохо,8,1500,3
31278,Ichiban Boshi,6.9,Неплохо,2,1500,2
30802,Mollie’s,6.8,Неплохо,7,1500,14
43049,Catavina,7.8,Хорошо,5,1400,2
43423,Хелоу пипл!,6.7,Неплохо,2,1400,3
35611,Традиции вкуса,7.2,Хорошо,5,1500,3
41610,Harat's Irish Pub,6.8,Неплохо,8,1200,14
31719,Жигули,6.0,Неплохо,10,1500,2
31509,Гроссбир,7.1,Хорошо,3,1500,2
33940,Пекинский сад,7.3,Хорошо,1,1300,2
33716,Бакинский дворик,6.7,Неплохо,7,1500,2
31525,Сандык,7.3,Хорошо,3,1500,2
35083,Илья Муромец,6.5,Неплохо,10,1500,2
37020,Jacky Jacky Gastrobar,7.3,Хорошо,6,1500,10
44240,Si Pizza,7.3,Хорошо,1,1000,1
42314,J'Pan,7.1,Хорошо,3,1100,3
39429,Ребрышки и крылышки,7.5,Хорошо,7,1200,2
44083,Ra'men,6.2,Неплохо,2,1000,3
40231,Пропаганда,6.6,Неплохо,3,1200,9
40637,Пробка,6.9,Неплохо,4,1200,5
41810,Prosecco Bar PR11,7.2,Хорошо,5,1500,5
42707,Pizza Sushi Wok,2.8,Ужасно,2,900,3
43030,Веганам.нет,3.8,Плохо,2,900,8
42809,Offshore,3.9,Плохо,3,1400,12
46129,The Rink,5.7,Нормально,3,1400,3
31163,Нияма,4.0,Посредственно,4,1000,2
43547,Hydra,3.2,Плохо,3,1500,5
32195,Piccolo Diabolo,4.7,Посредственно,2,1000,1
31875,Пицца-фабрика,5.4,Нормально,4,1000,1
32506,Две палочки,4.7,Посредственно,2,1500,2
34155,City Pizza,5.6,Нормально,4,1400,1
41755,Sticks sushi & wine bar,5.2,Нормально,10,1300,2
44135,Lunch Joy,8.2,Отлично,2,1000,3
45564,Страна 43 41,5.2,Нормально,2,1500,2
42764,Marselle,7.9,Хорошо,9,1500,2
31620,Кафе дяди Сэма,5.0,Нормально,3,1500,3
34429,Viva Roma,5.6,Нормально,3,1500,2
44659,Колокол,4.4,Посредственно,9,1500,5
30488,Lumberjack Bar,7.6,Хорошо,5,1400,5
40532,Lova Lova Multibar,8.1,Отлично,5,1500,2
33939,Кантри,8.2,Отлично,6,1500,14
39497,Jerry's Pub,8.3,Отлично,5,1000,14
36907,Let's Rock,8.1,Отлично,3,1500,5
31895,Гогиели,7.8,Хорошо,3,1500,2
33812,Долма,8.1,Отлично,6,1500,2
32617,Виктория,8.2,Отлично,5,1500,2
33712,Борго,8.0,Отлично,3,1500,3
41688,Берег,8.3,Отлично,4,1100,3
35812,Boondock,8.3,Отлично,2,1500,14
34207,"Бельгийская брассери 0,33",8.3,Отлично,2,1500,2
31535,Азербайджан,7.1,Хорошо,10,1500,2
33227,9 этаж,8.3,Отлично,4,1500,2
36097,Shelby,8.5,Отлично,2,1000,5
31319,Черчилль,8.4,Отлично,6,1500,14
42895,Food Mama,7.2,Хорошо,22,1500,25
34015,Строгинская гавань,8.4,Отлично,6,1500,2
31289,Старый город,8.3,Отлично,2,1500,2
39809,Сицилия,8.2,Отлично,6,1500,3
34082,Stay True Bar,8.1,Отлично,10,1500,5
31013,Sisters,8.3,Отлично,2,1200,3
34210,Пипони,8.0,Отлично,7,1000,1
31560,O’Hara,8.3,Отлично,5,1500,14
40983,Русский паб,8.3,Отлично,3,1400,10
31732,Монте-Кристо,8.4,Отлично,5,1500,2
30980,Последняя капля,8.3,Отлично,3,1500,5
39304,Мармелад,8.3,Отлично,5,1000,3
40159,Lustra Bar,8.1,Отлично,5,1300,5
41965,Молодежь,6.1,Неплохо,23,1000,5
42022,Конак,8.1,Отлично,3,1400,2
35683,Les,8.3,Отлично,2,1500,3
38169,Beer Happens,5.3,Нормально,3,1500,14
30523,Pinzeria by Bontempi,8.0,Отлично,9,1500,1
46108,ГудСтори,9.9,Идеально,5,1300,2
46571,Vabene,10.0,Идеально,3,1500,1
30829,Punch & Judy Pub,8.5,Отлично,5,1500,14
31021,Март,8.3,Отлично,8,1600,3
42883,Дом культур,7.9,Хорошо,6,1800,2
31024,Черетто,8.6,Отлично,2,1900,2
31133,Цыцыла,8.0,Отлично,7,2000,2
30509,Noor,7.8,Хорошо,7,1600,5
30676,Chainaya. Tea & Cocktails,8.4,Отлично,3,2000,3
30498,Molon Lave,8.5,Отлично,12,1850,2
37730,Глобус,8.8,Отлично,2,2000,2
31194,Веранда у дачи,8.2,Отлично,5,2000,2
30606,Булошная,9.0,Идеально,4,1800,3
40917,Шервуд,8.7,Отлично,14,1600,2
30496,Боэми,8.7,Отлично,3,2000,2
34935,Старая башня,9.0,Идеально,2,2000,2
31436,Seasons,8.9,Отлично,6,2000,2
42243,Officina,8.8,Отлично,2,1800,2
31671,Mendeleev,7.9,Хорошо,9,2000,5
37569,Chalet,9.0,Идеально,25,1600,2
31307,Ландринъ,9.2,Идеально,4,1600,2
31112,I Love Cake,8.3,Отлично,2,1700,6
30682,Кофемания,8.0,Отлично,6,2000,4
31236,Bourbon Street,7.9,Хорошо,6,2000,5
34530,Белый,8.1,Отлично,5,2000,2
34609,Fusion,9.1,Идеально,6,2000,2
31060,Фаренгейт,8.2,Отлично,6,2000,2
35103,Ротонда,8.2,Отлично,11,2000,2
31078,Шатер,8.3,Отлично,7,2000,2
39322,Палисад,9.2,Идеально,2,1600,2
30487,El Asador,9.2,Идеально,2,2000,2
41260,Burgundy Wine Space,9.2,Идеально,2,1700,2
31552,Accenti,9.2,Идеально,2,1700,2
30632,Джон Донн,9.1,Идеально,5,1500,14
30596,Честная кухня,9.3,Идеально,43,2000,2
30751,Академия,8.2,Отлично,5,2000,3
30647,Boston Seafood & Bar,7.7,Хорошо,8,2000,2
30515,Цветение сакуры,8.0,Отлично,4,2000,2
47031,Lila Asia,7.1,Хорошо,3,2000,2
30934,La bottega siciliana,7.9,Хорошо,5,2000,2
32170,Жи есть,6.9,Неплохо,7,2000,3
31841,Don David,7.7,Хорошо,9,2000,2
30599,Goodman,8.2,Отлично,8,2000,2
37750,Стражек,8.3,Отлично,5,1500,2
30953,Санремо,8.2,Отлично,2,2000,2
46723,Russian Wine Bar&Shop,7.4,Хорошо,5,1800,2
33043,Трамплин,8.0,Отлично,3,2000,2
33640,Pub Daddy,8.3,Отлично,2,1900,14
31305,Rock’n’Roll Bar & Café,8.5,Отлично,6,2000,5
31649,Tiki Bar,7.2,Хорошо,16,1900,5
33247,Владимир,8.8,Отлично,2,2000,2
32614,Венеция,8.3,Отлично,5,2000,2
38721,Bocconcino,8.0,Отлично,3,2000,2
30667,Белый журавль,8.2,Отлично,22,2000,2
32267,Primavera,8.9,Отлично,5,2000,2
30765,Terrine,8.4,Отлично,6,2000,2
31243,Тинатин,7.2,Хорошо,9,2000,2
33989,Солнце,8.5,Отлично,2,2000,2
38950,Раковая на Тишинке,8.5,Отлично,5,1700,14
31672,Zodiac,8.4,Отлично,7,1900,2
31046,Итальянец,8.4,Отлично,18,2000,2
30661,Martinez,8.7,Отлично,3,2000,5
33630,Жан Реми,8.4,Отлично,5,2000,2
30609,Будвар,8.6,Отлично,5,2000,2
30492,Dr. Живаго,5.8,Нормально,26,2000,2
32099,Бирхоф,7.9,Хорошо,8,2000,2
35853,Beef Time,8.6,Отлично,2,1700,2
37239,Backstage,8.7,Отлично,4,2000,2
33112,Яуза,8.6,Отлично,7,2000,2
41931,Черетто море,8.4,Отлично,6,1800,2
34778,Усадьба,8.6,Отлично,5,2000,2
32421,Виноградник,7.6,Хорошо,4,2000,2
31126,Бакинский бульвар,7.6,Хорошо,2,2000,2
31355,Чердак,7.6,Хорошо,5,2000,5
42135,Yura,7.7,Хорошо,7,2000,2
46389,Sketch Café,7.1,Хорошо,2,1750,2
31166,Piccolino,7.7,Хорошо,3,1800,2
35693,Drunken Duck Pub,7.7,Хорошо,4,1600,14
31879,Шахин-шах,8.0,Отлично,2,1600,2
37591,Николина Гора,7.8,Хорошо,5,2000,3
34956,Лобби-бар,7.9,Хорошо,4,2000,2
34051,Макото,7.8,Хорошо,10,2000,2
30860,Il forno,7.8,Хорошо,2,2000,2
33939,Кантри,8.2,Отлично,6,1500,14
30935,Джон Булл,8.3,Отлично,8,2000,14
31493,Генацвале,7.9,Хорошо,19,2000,2
32274,Армения,8.1,Отлично,5,2000,2
39954,Tutta la vita,7.8,Хорошо,3,1800,2
44701,Пифагор,6.2,Неплохо,20,2000,2
37607,Любить по-русски,8.1,Отлично,3,2000,2
37143,Лубянка,8.4,Отлично,3,2000,9
31611,Casa Agave,9.2,Идеально,16,2000,2
38476,Казбек,7.7,Хорошо,11,1900,2
45278,Catch,1.8,Хуже некуда,2,1600,2
38750,Boston Seafood & Bar,2.0,Ужасно,2,2000,2
34909,Liberty,4.3,Посредственно,3,2000,5
43051,Караоке Lights,4.4,Посредственно,3,1600,9
40771,Craft Kitchen,4.8,Посредственно,2,1650,10
31341,Шпатен-хаус,5.7,Нормально,4,2000,14
41889,Buro TSUM,4.3,Посредственно,2,1800,2
43470,Rusalka Bistro,5.8,Нормально,2,1800,2
38679,Cheese Connection,6.7,Неплохо,4,2000,2
44205,Крабоlove,5.5,Нормально,3,1800,2
31823,Чехов,5.8,Нормально,7,2000,3
31033,Сытый лось,6.0,Неплохо,3,1500,2
46509,Купцы и устрицы,5.7,Нормально,1,1900,2
31968,Мой двор,5.2,Нормально,2,2000,2
48612,Mein Shatz,6.5,Неплохо,2,2000,2
47690,Понтон,7.5,Хорошо,2,1700,2
33297,Ласточка,1.7,Хуже некуда,5,2000,3
47408,Public Cafe,10.0,Идеально,2,1600,3
46373,Sunny Art,10.0,Идеально,2,1800,18
48310,Dukh Никитская,10.0,Идеально,9,1600,12
42004,Mad Steam,10.0,Идеально,6,1600,12
31648,Чайхона №1,9.1,Идеально,3,2000,2
41843,Sun & Moon,7.9,Хорошо,33,1800,2
32198,Наполеон,9.3,Идеально,7,2000,16
31948,Parkhouse,9.0,Идеально,7,1900,2
41031,Laduree,7.2,Хорошо,7,2000,2
31179,Chelsea,8.7,Отлично,7,2000,10
30687,Кимчи,8.5,Отлично,19,1600,2
41081,Дружба,6.9,Неплохо,11,2000,2
35627,Villaggio,9.2,Идеально,6,2000,2
38132,Wine & Crab,8.8,Отлично,8,2000,2
44566,Жажда крови,7.8,Хорошо,4,2000,2
36791,Villa Gusto,9.7,Идеально,2,1600,2
42042,We Cidreria,10.0,Идеально,3,1700,5
30883,Baan Thai,10.0,Идеально,2,2000,2
33019,Хижина,10.0,Идеально,2,2000,2
32907,Ассамблея,9.9,Идеально,4,2000,2
47146,Lila Pastry,10.0,Идеально,1,1900,6
44038,Cedro,9.9,Идеально,9,1900,2
33429,Il Патио,10.0,Идеально,3,1500,2
30970,Кавказская пленница,8.7,Отлично,8,2000,2
31130,У Пиросмани,9.5,Идеально,41,2000,2
46888,Дубрава,9.9,Идеально,3,1700,17
44666,RusLounge,10.0,Идеально,5,1800,12
47198,HookahPlace Garden,10.0,Идеально,3,1650,12
46352,IL Letterato,10.0,Идеально,5,1700,2
47995,Мята Cyber АлтуShка,9.9,Идеально,3,1900,2
44115,Brasserie Lambic,9.9,Идеально,27,2000,2
31440,Ян Примус,9.8,Идеально,8,2000,2
44672,LaLaLand,9.7,Идеально,11,1700,2
30947,Аруба,9.2,Идеально,12,2000,5
31012,Extra Virgin,9.5,Идеально,4,1600,2
47072,Бычок,9.9,Идеально,4,1700,10
42309,Траппист,9.1,Идеально,6,1900,5
46494,Мята Lounge,10.0,Идеально,5,2000,12
42652,Мясо & Рыба,10.0,Идеально,5,2000,2
47005,Disput,9.6,Идеально,5,2000,2
30568,Иерусалим,8.5,Отлично,8,1600,2
30984,Стрелка,7.2,Хорошо,10,2000,5
31577,Рукав,9.0,Идеально,9,2000,3
46680,Happy,9.4,Идеально,10,2000,9
46335,Single Moscow,10.0,Идеально,2,1600,2
43666,Заварка,3.0,Плохо,14,2000,9
44868,Сыроварня,8.7,Отлично,10,2000,2
30651,Уголек,8.5,Отлично,8,2000,2
42733,Larionov Grill Bar,10.0,Идеально,7,1700,2
38735,Max's Beef for Money,10.0,Идеально,5,2000,2
39881,Seven,9.0,Идеально,8,2000,2
39341,Jimmy Poy,10.0,Идеально,2,2000,2
43286,Brb,10.0,Идеально,4,1700,5
30955,В темноте?!,8.3,Отлично,20,2000,2
30816,15 Kitchen + Bar,9.6,Идеально,3,2000,2
43359,Тбилиси,10.0,Идеально,2,1700,2
48578,Redbox,3.6,Плохо,3,1500,2
30538,Mitzva Bar,9.3,Идеально,6,1700,2
45639,Beerside,9.8,Идеально,8,1900,14
42410,Абрамовъ,10.0,Идеально,3,1700,2
43797,4Tuna,10.0,Идеально,2,1700,2
44007,Мост,9.7,Идеально,3,2000,9
46489,М2 Organic Club,9.9,Идеально,4,1550,2
37762,Penthouse Men’s Club,10.0,Идеально,2,2000,9
47774,Hedonist,8.3,Отлично,4,1900,2
32847,Биффиш,9.2,Идеально,3,2000,2
34318,Центральный,9.5,Идеально,9,2000,2
40878,Bebe de la mer,9.4,Идеально,25,2000,2
30499,Сахли,8.7,Отлично,7,1700,2
46361,Stairs,7.6,Хорошо,7,1600,2
37687,Птицы и пчелы,8.1,Отлично,35,1700,2
30873,Ю-мэ,9.0,Идеально,4,2000,2
37729,Карибия-холл,9.6,Идеально,3,2000,2
43288,КрабыКутабы,6.4,Неплохо,25,2000,2
31583,Chips,8.2,Отлично,10,2000,2
32472,Гуси-лебеди,9.0,Идеально,22,2000,2
35898,Eshak,8.9,Отлично,45,2000,2
31199,Времена года,9.6,Идеально,30,2000,2
36130,Grape,9.5,Идеально,4,2000,11
33327,Артяшок & La veranda,9.5,Идеально,4,2000,2
33621,18.12,9.5,Идеально,3,2000,2
30684,Барашка,8.8,Отлично,5,2000,2
30736,Донна Маргарита,9.3,Идеально,5,2000,2
45555,Asia Inn,9.4,Идеально,2,1700,2
36739,Winil Wine Bar,9.6,Идеально,2,2000,11
46973,Фантазеры,9.2,Идеально,3,1600,3
44845,Pizza & Polpette,9.7,Идеально,1,1600,7
35754,MC Traders,9.3,Идеально,9,2000,2
30846,Мари Vanna,8.9,Отлично,20,2000,2
33391,Crazy Hunter,10.0,Идеально,13,2000,2
37484,Mushrooms,7.9,Хорошо,23,2000,2
41878,Masters & Margaritas,9.4,Идеально,3,2000,5
30490,Дарбази,9.1,Идеально,7,1800,2
41902,Летняя веранда ЦМТ,8.0,Отлично,6,1900,2
30670,Высота 5642,8.8,Отлично,10,2000,2
31873,Монтероссо,8.8,Отлично,10,2000,3
40937,Black Swan,8.9,Отлично,3,1800,14
30524,Via Романо,7.8,Хорошо,90,1650,2
47468,Волга-Волга,8.2,Отлично,2,2000,2
45187,Black Angus,9.0,Идеально,25,1700,2
31140,Gipsy,7.8,Хорошо,8,2000,9
45179,La veranda,9.9,Идеально,15,1900,2
47300,Burlesque,10.0,Идеально,16,2000,9
37760,Virgins,9.9,Идеально,20,2000,9
45191,Мята Platinum Мосфильмовская,10.0,Идеально,37,2000,12
46643,Billion City,8.4,Отлично,19,2000,12
40518,Pivzavod77,9.9,Идеально,22,1500,5
30800,Selfie,8.3,Отлично,20,1800,2
42603,Коптильня,9.8,Идеально,6,1800,2
30983,Поместье,9.8,Идеально,29,2000,17
44718,Хинкали & Vino,9.9,Идеально,31,1500,20
44675,Maskva Lounge,8.9,Отлично,7,1800,12
47495,OtScan Lounge,10.0,Идеально,3,1700,19
48422,Мята Signature Остоженка,10.0,Идеально,11,1800,12
37296,Papa's Bar & Grill,9.4,Идеально,155,1600,5
43548,Старик и море,8.1,Отлично,8,1900,2
37779,The Perch,9.5,Идеально,15,2000,9
46555,Cafe 2.3.A,8.5,Отлично,4,1700,3
34173,Real Food Restaurant Гриль,9.0,Идеально,5,2000,2
40820,Джимми Ли,9.5,Идеально,5,1800,2
46718,Мята Platinum Цветной,9.4,Идеально,17,1900,12
47235,Tacobar,10.0,Идеально,3,1800,2
48346,Karavin,9.7,Идеально,10,1800,10
44866,Traveler`s Coffee,9.4,Идеально,25,1600,3
46478,Мята Platinum Юго-Запад,10.0,Идеально,8,2000,12
44611,Остерия Amici,9.7,Идеально,8,2000,2
40123,Grill and Garden,8.8,Отлично,2,1600,2
47334,Reef,9.0,Идеально,4,1700,2
48509,La bellezza,9.7,Идеально,3,1600,2
41190,Baklajan,5.5,Нормально,2,1600,2
31172,Easy Brix Grill & Wine,10.0,Идеально,2,1900,11
46436,Pa’shoot,1.0,Хуже некуда,2,1800,7
31164,Il pomodoro,8.3,Отлично,2,2000,1
31503,Ривьера,9.8,Идеально,2,1800,2
48559,La’room,10.0,Идеально,6,1700,9
44041,Chilling Moscow,10.0,Идеально,25,1800,12
46368,Fillary Restoran & Karaoke,9.8,Идеально,11,1700,5
41070,Forтепьяно,9.9,Идеально,94,2000,9
47870,Pshenizza,9.4,Идеально,16,1800,2
46212,Галки,8.6,Отлично,12,1900,5
47637,Такэ Do,10.0,Идеально,2,1600,2
46775,Le Rouge Cabaret,10.0,Идеально,10,2000,9
43140,Арбатский базар,9.4,Идеально,23,2000,2
41585,Банкетный комплекс Vnukovo Village,10.0,Идеально,4,1700,17
46762,Maer,8.6,Отлично,3,1800,2
45597,Taste,9.2,Идеально,19,1600,2
48164,"Oh, my David",8.4,Отлично,2,1700,2
47479,Tsunami,8.3,Отлично,2,1800,2
48488,Steam,9.7,Идеально,2,2000,12
31011,Кувшин,8.7,Отлично,6,1800,2
30601,Michel,9.1,Идеально,6,2000,2
46488,M2 Organic Club,9.8,Идеально,2,1800,2
40076,Император Холл,5.5,Нормально,3,2000,2
46197,City Lounge Moscow,5.7,Нормально,2,1800,2
43847,Krombacher Beer Kitchen,5.5,Нормально,2,1700,2
30836,Денис Давыдов,7.3,Хорошо,8,2000,2
38166,Moscow — Delhi,6.1,Неплохо,7,2000,2
37885,Lion's Head Pub,6.8,Неплохо,2,1700,14
40417,Честерфилд,7.0,Хорошо,9,1700,5
30784,Театр Корша,7.2,Хорошо,3,2000,2
43257,Dry & Wet,6.0,Неплохо,10,1600,5
31655,Gusto,7.0,Хорошо,22,2000,2
33784,Вареничная №1,7.3,Хорошо,8,1500,3
43559,Jeremy’s,7.2,Хорошо,9,1600,5
31019,Brix,7.4,Хорошо,4,2000,11
31418,Jamie's Italian,7.5,Хорошо,6,2000,2
38111,Archie,6.6,Неплохо,6,2000,2
43562,Table One,7.1,Хорошо,3,2000,3
46539,Philosophia Life,7.2,Хорошо,2,1700,2
31561,Чайхона For You,6.3,Неплохо,3,2000,2
31007,Villa Pasta,5.8,Нормально,9,1700,2
37667,Marrakesh,6.3,Неплохо,4,2000,2
39139,Cevicheria,6.2,Неплохо,2,1800,20
30658,Torro Grill,6.4,Неплохо,3,2000,2
30817,Булка,6.3,Неплохо,6,1800,3
33435,Островок,7.2,Хорошо,3,2000,3
46461,Gloria Pizza,6.2,Неплохо,2,1600,2
34653,Водопад,6.3,Неплохо,2,2000,2
31612,Риальто,6.7,Неплохо,2,2000,2
40889,Мясной бар №7,6.6,Неплохо,4,1800,2
47306,Гранд кафе 12,9.7,Идеально,1,1900,2
47044,Larry & Crabs,8.8,Отлично,5,1600,2
47328,Dolce Far Niente,9.1,Идеально,2,1900,1
37890,Meatless,9.9,Идеально,3,1700,2
46827,Грузинская кухня Эzо,9.6,Идеально,4,1600,2
48045,Dobycha,9.8,Идеально,7,1900,23
46810,Rich Lounge,10.0,Идеально,2,1700,2
30613,Луч,7.9,Хорошо,10,2000,5
44813,El Idilio,8.6,Отлично,13,1900,2
47011,Мята Platinum Дубининская,10.0,Идеально,11,1800,19
45092,Papa Barvillage Moscow,6.5,Неплохо,6,1700,5
30628,Эларджи,8.4,Отлично,18,1700,2
30518,Björn,9.2,Идеально,10,2000,2
46949,Пошаблим?,9.1,Идеально,8,1600,2
41343,Stone Crab,8.0,Отлично,8,1600,2
43153,Desert Rose,9.8,Идеально,53,2000,2
44660,Most Restaurant & Lounge,8.0,Отлично,13,1800,2
37036,Wow Moscow Lounge,8.4,Отлично,31,1800,19
40319,Sempre,8.0,Отлично,29,2000,2
31609,Куршевель,8.4,Отлично,3,2500,11
37728,Mercedes Bar,8.6,Отлично,5,2700,5
31729,Leningrad,8.2,Отлично,37,2500,2
31360,Bellagio,8.2,Отлично,6,2500,2
31690,Tatler,8.7,Отлично,6,2500,2
30931,Тан,8.3,Отлично,10,2700,2
31100,Oblaka,8.4,Отлично,30,2600,2
30717,La Provincia,8.4,Отлично,14,2500,2
30866,Бакинский бульвар,7.9,Хорошо,19,2200,2
40901,Восход,8.3,Отлично,14,2100,2
33037,Кому жить хорошо,7.9,Хорошо,11,2500,2
41975,Vysota 57,6.1,Неплохо,20,3000,12
31244,Чемодан,8.8,Отлично,6,2500,2
31444,Hard Rock Café,8.8,Отлично,7,2500,3
30703,Шинок,8.5,Отлично,19,2100,2
30969,Мясо,9.0,Идеально,7,2500,2
30822,Bistrot,9.2,Идеально,2,2500,2
31097,Бочка,8.9,Отлично,18,2500,2
35150,Dolce,7.7,Хорошо,4,2500,16
31272,"Страна, которой нет",7.8,Хорошо,9,2200,2
41028,Сибирь сибирь,6.7,Неплохо,9,2700,2
31715,Жеральдин,7.3,Хорошо,5,2500,2
34381,Аврора,7.6,Хорошо,5,2500,2
41605,Mollusca,7.7,Хорошо,1,2500,2
30696,Parisienne,7.6,Хорошо,6,3000,2
37563,Soho Country Club,8.0,Отлично,6,3000,2
31203,Vаниль,8.1,Отлично,16,2500,2
41024,Salumeria,8.3,Отлично,5,3000,2
30549,Обломов,8.0,Отлично,6,2500,2
41069,Marrakesh,8.4,Отлично,19,2400,2
31034,Белое солнце пустыни,8.6,Отлично,24,2500,2
30517,Andiamo,9.0,Идеально,7,2100,2
30501,AQ Kitchen,8.3,Отлично,4,2600,2
31059,Эль гаучо,9.2,Идеально,4,2500,23
31464,Твин пигз,9.2,Идеально,2,2500,2
30729,Shore House,9.2,Идеально,8,2600,2
37824,Метрополь,8.3,Отлично,6,2500,2
46218,Cactus J,8.4,Отлично,14,2800,12
35100,White Park New Riga Bay,8.5,Отлично,12,2500,2
31293,Ермак,8.3,Отлично,6,2500,2
31176,Аист,8.0,Отлично,9,2500,2
31160,Сирена,8.6,Отлично,15,2500,2
40927,Рыба моя,8.0,Отлично,19,2600,2
37471,Osteria Di Campagna,9.4,Идеально,4,2500,2
47732,Поколение,7.9,Хорошо,6,2300,2
30730,Рыбный базар,8.8,Отлично,16,2500,2
34426,China Garden,9.2,Идеально,3,2500,2
31430,Novikov,8.4,Отлично,7,2500,2
37795,Каприз,8.4,Отлично,4,2500,9
31508,Яр,8.2,Отлично,5,2500,17
37688,Erwin. РекаМореОкеан,6.9,Неплохо,13,2600,2
47904,Farang,8.3,Отлично,12,2300,2
36132,Nobu,8.5,Отлично,2,3000,2
38316,Pescatore,8.5,Отлично,5,2500,2
31259,Визирь Махалля & Граф Орлов,7.5,Хорошо,6,2500,2
30743,La Marée,8.4,Отлично,14,2500,2
39896,Эллеон,8.8,Отлично,7,2500,16
30571,Hills,8.7,Отлично,5,2500,2
45402,Мята Edition,8.2,Отлично,2,2500,12
30747,Rico,8.5,Отлично,2,2200,2
31193,Капри,8.8,Отлично,2,2500,2
31595,White Café,8.3,Отлично,3,2500,2
47369,Bardot,3.2,Плохо,2,2100,2
41750,Tartufo,5.5,Нормально,7,2700,2
38670,Рыболовная усадьба «Остров»,5.5,Нормально,2,2250,2
31441,Yoko,6.0,Неплохо,3,2500,2
44857,№13,5.2,Нормально,2,2200,2
41835,На волне by Soho Rooms,6.2,Неплохо,2,2500,2
46678,Baci e Abbracci,6.3,Неплохо,2,2100,2
36473,Панорама,8.7,Отлично,2,2500,2
39870,Дом у озера,10.0,Идеально,2,3000,16
47053,Дом у леса,9.8,Идеально,4,3000,16
41822,City Voice,9.8,Идеально,34,3000,2
41113,Юна Aqua Life,7.6,Хорошо,2,2500,17
34755,Эрмитаж,8.5,Отлично,5,2500,2
47432,Нескучный,7.2,Хорошо,5,2200,2
34217,Флотилия Radisson Royal,8.7,Отлично,4,3000,2
37616,Шале Березка,9.5,Идеально,12,2500,2
35131,Бабель,9.3,Идеально,7,2500,2
47418,Раковая на Маяковке,9.8,Идеально,4,2400,2
46290,Дымзавод,10.0,Идеально,12,2700,2
36916,Goodman Prime,9.7,Идеально,4,2500,23
41676,Uhvat,9.6,Идеально,59,2500,2
40898,Twins Garden,7.9,Хорошо,8,2500,2
30898,Водный,8.1,Отлично,9,2700,2
42610,Магадан на Красном Октябре,10.0,Идеально,3,2500,2
31315,Bosco Café,7.3,Хорошо,5,2500,2
40924,Горыныч,7.9,Хорошо,25,2100,2
46906,Замес,9.8,Идеально,9,3000,18
31252,Марио,9.5,Идеально,9,3000,2
40086,Nebo Lounge&Bar,8.4,Отлично,6,3000,12
40523,На Мосфильмовской,9.0,Идеально,8,2300,2
31178,Светлый,9.3,Идеально,7,3000,2
31077,Мечта,9.5,Идеально,5,2500,3
46710,Les Olé,9.0,Идеально,12,2100,2
32478,Dorffman,9.6,Идеально,10,2500,2
30862,Узбекистан,9.5,Идеально,8,2800,2
30567,Modus Restaurant,7.8,Хорошо,9,3000,26
38282,Причал,8.1,Отлично,7,3000,2
30512,Кафе Пушкинъ,7.7,Хорошо,10,3000,2
30792,Воронеж,8.5,Отлично,11,2500,2
43819,Mason St.One,10.0,Идеально,4,2200,12
37871,Cutfish,10.0,Идеально,15,2300,2
32883,Зимний сад,9.1,Идеально,7,2500,2
47607,Zafferano City,9.5,Идеально,7,2700,2
31055,Царская охота,8.7,Отлично,5,2500,2
37674,Северяне,8.7,Отлично,9,2200,2
45646,Аляска,9.8,Идеально,4,2200,5
31327,Ласточка,9.3,Идеально,11,2500,2
43283,Lesnoy,8.4,Отлично,50,2650,2
37764,Burlesque,10.0,Идеально,17,3000,9
38722,Ruski,6.3,Неплохо,30,2500,2
46956,Timeless Охотный Ряд,9.6,Идеально,15,2500,12
35985,Duets,9.6,Идеально,85,2500,2
40302,Remy Kitchen Bakery,9.1,Идеально,52,2400,2
42151,Барвиха Lounge Бауманская,8.5,Отлично,92,2500,12
45237,Zemlya Moscow,9.5,Идеально,25,2900,2
35908,Artiland,9.9,Идеально,47,2300,2
43827,Lure Me,9.3,Идеально,60,2500,2
46663,Kaif Provenance,7.3,Хорошо,20,2300,2
44902,Eleven Meathouse,9.9,Идеально,9,3000,2
45110,Pino,7.9,Хорошо,60,2100,2
47015,Хорошая девочка,7.6,Хорошо,42,2300,2
46869,Shagal,9.5,Идеально,37,2700,2
42337,Hot Collection,9.9,Идеально,148,2500,9
47202,Barbosco,8.4,Отлично,3,2800,2
31369,Большой,7.8,Хорошо,9,2500,2
44683,Levantine,7.2,Хорошо,11,2400,2
41397,Сосны,9.1,Идеально,13,2500,2
41872,Ля музон,9.3,Идеально,2,2300,2
30939,Giovedi Cafe,9.8,Идеально,3,2500,2
30513,Бутчер,9.0,Идеально,11,2500,2
33743,Чайка,8.3,Отлично,12,2500,2
41738,Stories,9.1,Идеально,3,2600,2
35104,Soluxe Club,9.6,Идеально,16,2500,2
30778,Probka,9.0,Идеально,8,2600,2
37788,Macho,9.6,Идеально,12,2500,9
47456,Банкетный комплекс на Тверской,9.7,Идеально,1,3000,16
33999,Baccarat Cristal Room,9.3,Идеально,1,2500,2
46363,The Perch,9.9,Идеально,19,2300,9
31269,Экспедиция. Северная кухня,8.7,Отлично,18,2500,17
36203,Savva,8.1,Отлично,5,3000,2
46754,Singer Bar,9.7,Идеально,2,2100,5
45673,Кочегар,9.8,Идеально,2,2100,10
39940,Матрешка,9.0,Идеально,25,2500,2
43384,Шеф Амазония,9.2,Идеально,7,3000,23
47379,Мумий Тролль Music Bar,10.0,Идеально,3,2500,5
30708,Uilliam’s,9.7,Идеально,2,2900,3
31264,Лодка,9.4,Идеально,11,2500,2
46862,Memo Dine & Bar,7.8,Хорошо,21,2700,2
44661,360 Restaurant,7.8,Хорошо,16,2300,2
39269,Peshi,10.0,Идеально,6,2500,2
31260,ЦДЛ,8.7,Отлично,11,3000,2
41606,Рыба мечты,9.4,Идеально,24,2700,2
44542,MiraGrill,7.1,Хорошо,14,2400,2
31546,Тифлисский дворик,7.9,Хорошо,4,2000,2
48064,Александр,10.0,Идеально,1,2100,2
40519,DiDi,8.0,Отлично,5,2000,2
41681,Mentano Cafe,9.0,Идеально,4,2400,2
31331,Карлсон,7.4,Хорошо,18,2500,2
30741,Ноев ковчег,9.4,Идеально,21,3000,2
35666,Balzi Rossi,9.1,Идеально,10,3000,2
31200,Гусятникоff,9.2,Идеально,23,2500,2
38508,Erwin.Река,8.5,Отлично,9,2600,2
44869,Harvey & Monica,7.9,Хорошо,15,2150,2
44939,Bodega,8.1,Отлично,9,2100,2
37884,Bamboo.Bar,9.8,Идеально,43,3700,2
44996,Birds,4.8,Посредственно,2,3500,2
42793,Теплоход «Артурс»,8.5,Отлично,4,3500,16
30508,City Space bar,7.1,Хорошо,6,4200,2
30918,The сад,8.0,Отлично,6,3400,2
30539,Семифреддо,7.9,Хорошо,6,4500,2
38880,The Waiters,8.1,Отлично,7,3200,2
30715,Christian,8.1,Отлично,6,3300,2
31171,Соколиная охота,8.7,Отлично,6,4000,16
30769,Kinki,8.6,Отлично,4,3500,2
43098,The Toy,7.7,Хорошо,7,3700,2
41050,Белый берег,9.1,Идеально,5,3500,2
33849,Государь,9.4,Идеально,4,3500,16
30677,MEGUmi,9.0,Идеально,5,4500,2
40772,Crowne Plaza Moscow WTC,9.7,Идеально,2,3500,16
30990,Буйабес,9.3,Идеально,5,4100,2
39741,Ministerstvo,10.0,Идеально,5,4000,27
30653,Cantinetta Antinori,9.5,Идеально,4,3600,2
37572,Cheval Blanc,9.5,Идеально,6,3200,2
42775,Президент-Отель,10.0,Идеально,2,3600,16
30707,Консерватория,9.0,Идеально,4,3500,5
37069,La bella società,9.6,Идеально,10,4500,2
38925,Белуга,8.3,Отлично,10,3500,2
31181,Buono,9.5,Идеально,12,5600,2
44854,Vision,7.5,Хорошо,27,4000,2
31103,Sixty,7.1,Хорошо,38,3300,2
30535,Турандот,6.9,Неплохо,31,3400,2
42826,Сахалин,8.0,Отлично,11,3500,2
30943,Tutto Bene,8.3,Отлично,69,4400,2
31113,White Rabbit,8.4,Отлично,25,3500,2
33863,Chef,8.1,Отлично,13,4000,23
35055,Вега,9.9,Идеально,10,3500,17
31242,River Palace,9.0,Идеально,11,4000,2
42493,Assunta Madre,10.0,Идеально,12,4000,2
31017,O2 Lounge by Genesis,8.1,Отлично,5,3700,2
39893,Butler,8.0,Отлично,8,4000,2
46379,Лесной берег,9.8,Идеально,5,3500,17
